"","Study_ID","group_id","PFOA_mean","PFUnDA_mean","PFTrDA_mean","PFOS_mean","delta_15N_mean","PFNA_mean","PFDA_mean","PFDoDA_mean","PFBA_mean","PFHxS_mean","PFTeDA_mean","PFHxA_mean","PFHpA_mean","PFBS_mean","PFHpS_mean","HFPO_DA_mean","HFPO_TrA_mean","a62ClPFESA_mean","a82ClPFESA_mean","FOSA_mean","OBS_mean","delta_15N_sd","log_PFBA_mean","log_PFHxA_mean","log_PFHpA_mean","log_PFOA_mean","log_PFNA_mean","log_PFDA_mean","log_PFUnDA_mean","log_PFDoDA_mean","log_PFTrDA_mean","log_PFTeDA_mean","log_PFBS_mean","log_PFHxS_mean","log_PFHpS_mean","log_PFOS_mean","log_HFPO_DA_mean","log_HFPO_TrA_mean","log_62ClPFESA_mean","log_82ClPFESA_mean","log_OBS_mean","log_FOSA_mean"
"1","S_065","PFBA, species 1",NA,NA,NA,NA,5.4,NA,NA,NA,6.6,NA,NA,NA,NA,NA,NA,NA,NA,NA,NA,NA,NA,0.17,0.819543935541869,NA,NA,NA,NA,NA,NA,NA,NA,NA,NA,NA,NA,NA,NA,NA,NA,NA,NA,NA
"2","S_065","PFBA, species 2",NA,NA,NA,NA,7,NA,NA,NA,5,NA,NA,NA,NA,NA,NA,NA,NA,NA,NA,NA,NA,0.73,0.698970004336019,NA,NA,NA,NA,NA,NA,NA,NA,NA,NA,NA,NA,NA,NA,NA,NA,NA,NA,NA
"3","S_065","PFBA, species 3",NA,NA,NA,NA,8.9,NA,NA,NA,8,NA,NA,NA,NA,NA,NA,NA,NA,NA,NA,NA,NA,0.5,0.903089986991944,NA,NA,NA,NA,NA,NA,NA,NA,NA,NA,NA,NA,NA,NA,NA,NA,NA,NA,NA
"4","S_065","PFBA, species 4",NA,NA,NA,NA,12,NA,NA,NA,6.3,NA,NA,NA,NA,NA,NA,NA,NA,NA,NA,NA,NA,2,0.799340549453582,NA,NA,NA,NA,NA,NA,NA,NA,NA,NA,NA,NA,NA,NA,NA,NA,NA,NA,NA
"5","S_065","PFBA, species 5",NA,NA,NA,NA,10,NA,NA,NA,16,NA,NA,NA,NA,NA,NA,NA,NA,NA,NA,NA,NA,1.1,1.20411998265592,NA,NA,NA,NA,NA,NA,NA,NA,NA,NA,NA,NA,NA,NA,NA,NA,NA,NA,NA
"6","S_065","PFBA, species 6",NA,NA,NA,NA,10,NA,NA,NA,0.85,NA,NA,NA,NA,NA,NA,NA,NA,NA,NA,NA,NA,1.9,-0.0705810742857073,NA,NA,NA,NA,NA,NA,NA,NA,NA,NA,NA,NA,NA,NA,NA,NA,NA,NA,NA
"7","S_065","PFBA, species 7",NA,NA,NA,NA,9.6,NA,NA,NA,0.85,NA,NA,NA,NA,NA,NA,NA,NA,NA,NA,NA,NA,1.3,-0.0705810742857073,NA,NA,NA,NA,NA,NA,NA,NA,NA,NA,NA,NA,NA,NA,NA,NA,NA,NA,NA
"8","S_065","PFBA, species 8",NA,NA,NA,NA,8.8,NA,NA,NA,1.9,NA,NA,NA,NA,NA,NA,NA,NA,NA,NA,NA,NA,0.88,0.278753600952829,NA,NA,NA,NA,NA,NA,NA,NA,NA,NA,NA,NA,NA,NA,NA,NA,NA,NA,NA
"9","S_065","PFBA, species 9",NA,NA,NA,NA,9.3,NA,NA,NA,0.27,NA,NA,NA,NA,NA,NA,NA,NA,NA,NA,NA,NA,1.4,-0.568636235841013,NA,NA,NA,NA,NA,NA,NA,NA,NA,NA,NA,NA,NA,NA,NA,NA,NA,NA,NA
"10","S_065","PFBA, species 10",NA,NA,NA,NA,7.5,NA,NA,NA,0.33,NA,NA,NA,NA,NA,NA,NA,NA,NA,NA,NA,NA,0.11,-0.481486060122112,NA,NA,NA,NA,NA,NA,NA,NA,NA,NA,NA,NA,NA,NA,NA,NA,NA,NA,NA
"11","S_065","PFHxA, species 1",NA,NA,NA,NA,5.4,NA,NA,NA,NA,NA,NA,0.12,NA,NA,NA,NA,NA,NA,NA,NA,NA,0.17,NA,-0.920818753952375,NA,NA,NA,NA,NA,NA,NA,NA,NA,NA,NA,NA,NA,NA,NA,NA,NA,NA
"12","S_065","PFHxA, species 2",NA,NA,NA,NA,7,NA,NA,NA,NA,NA,NA,0.12,NA,NA,NA,NA,NA,NA,NA,NA,NA,0.73,NA,-0.920818753952375,NA,NA,NA,NA,NA,NA,NA,NA,NA,NA,NA,NA,NA,NA,NA,NA,NA,NA
"13","S_065","PFHxA, species 3",NA,NA,NA,NA,8.9,NA,NA,NA,NA,NA,NA,0.31,NA,NA,NA,NA,NA,NA,NA,NA,NA,0.5,NA,-0.508638306165727,NA,NA,NA,NA,NA,NA,NA,NA,NA,NA,NA,NA,NA,NA,NA,NA,NA,NA
"14","S_065","PFHxA, species 4",NA,NA,NA,NA,12,NA,NA,NA,NA,NA,NA,0.63,NA,NA,NA,NA,NA,NA,NA,NA,NA,2,NA,-0.200659450546418,NA,NA,NA,NA,NA,NA,NA,NA,NA,NA,NA,NA,NA,NA,NA,NA,NA,NA
"15","S_065","PFHxA, species 5",NA,NA,NA,NA,10,NA,NA,NA,NA,NA,NA,1,NA,NA,NA,NA,NA,NA,NA,NA,NA,1.1,NA,0,NA,NA,NA,NA,NA,NA,NA,NA,NA,NA,NA,NA,NA,NA,NA,NA,NA,NA
"16","S_065","PFHxA, species 6",NA,NA,NA,NA,10,NA,NA,NA,NA,NA,NA,0.31,NA,NA,NA,NA,NA,NA,NA,NA,NA,1.9,NA,-0.508638306165727,NA,NA,NA,NA,NA,NA,NA,NA,NA,NA,NA,NA,NA,NA,NA,NA,NA,NA
"17","S_065","PFHxA, species 7",NA,NA,NA,NA,9.6,NA,NA,NA,NA,NA,NA,0.31,NA,NA,NA,NA,NA,NA,NA,NA,NA,1.3,NA,-0.508638306165727,NA,NA,NA,NA,NA,NA,NA,NA,NA,NA,NA,NA,NA,NA,NA,NA,NA,NA
"18","S_065","PFHxA, species 8",NA,NA,NA,NA,8.8,NA,NA,NA,NA,NA,NA,0.12,NA,NA,NA,NA,NA,NA,NA,NA,NA,0.88,NA,-0.920818753952375,NA,NA,NA,NA,NA,NA,NA,NA,NA,NA,NA,NA,NA,NA,NA,NA,NA,NA
"19","S_065","PFHxA, species 9",NA,NA,NA,NA,9.3,NA,NA,NA,NA,NA,NA,0.16,NA,NA,NA,NA,NA,NA,NA,NA,NA,1.4,NA,-0.795880017344075,NA,NA,NA,NA,NA,NA,NA,NA,NA,NA,NA,NA,NA,NA,NA,NA,NA,NA
"20","S_065","PFHxA, species 10",NA,NA,NA,NA,7.5,NA,NA,NA,NA,NA,NA,NA,NA,NA,NA,NA,NA,NA,NA,NA,NA,0.11,NA,NA,NA,NA,NA,NA,NA,NA,NA,NA,NA,NA,NA,NA,NA,NA,NA,NA,NA,NA
"21","S_065","PFHpA, species 1",NA,NA,NA,NA,5.4,NA,NA,NA,NA,NA,NA,NA,0.11,NA,NA,NA,NA,NA,NA,NA,NA,0.17,NA,NA,-0.958607314841775,NA,NA,NA,NA,NA,NA,NA,NA,NA,NA,NA,NA,NA,NA,NA,NA,NA
"22","S_065","PFHpA, species 2",NA,NA,NA,NA,7,NA,NA,NA,NA,NA,NA,NA,0.18,NA,NA,NA,NA,NA,NA,NA,NA,0.73,NA,NA,-0.744727494896694,NA,NA,NA,NA,NA,NA,NA,NA,NA,NA,NA,NA,NA,NA,NA,NA,NA
"23","S_065","PFHpA, species 3",NA,NA,NA,NA,8.9,NA,NA,NA,NA,NA,NA,NA,0.29,NA,NA,NA,NA,NA,NA,NA,NA,0.5,NA,NA,-0.537602002101044,NA,NA,NA,NA,NA,NA,NA,NA,NA,NA,NA,NA,NA,NA,NA,NA,NA
"24","S_065","PFHpA, species 4",NA,NA,NA,NA,12,NA,NA,NA,NA,NA,NA,NA,0.73,NA,NA,NA,NA,NA,NA,NA,NA,2,NA,NA,-0.136677139879544,NA,NA,NA,NA,NA,NA,NA,NA,NA,NA,NA,NA,NA,NA,NA,NA,NA
"25","S_065","PFHpA, species 5",NA,NA,NA,NA,10,NA,NA,NA,NA,NA,NA,NA,0.26,NA,NA,NA,NA,NA,NA,NA,NA,1.1,NA,NA,-0.585026652029182,NA,NA,NA,NA,NA,NA,NA,NA,NA,NA,NA,NA,NA,NA,NA,NA,NA
"26","S_065","PFHpA, species 6",NA,NA,NA,NA,10,NA,NA,NA,NA,NA,NA,NA,0.42,NA,NA,NA,NA,NA,NA,NA,NA,1.9,NA,NA,-0.3767507096021,NA,NA,NA,NA,NA,NA,NA,NA,NA,NA,NA,NA,NA,NA,NA,NA,NA
"27","S_065","PFHpA, species 7",NA,NA,NA,NA,9.6,NA,NA,NA,NA,NA,NA,NA,0.42,NA,NA,NA,NA,NA,NA,NA,NA,1.3,NA,NA,-0.3767507096021,NA,NA,NA,NA,NA,NA,NA,NA,NA,NA,NA,NA,NA,NA,NA,NA,NA
"28","S_065","PFHpA, species 8",NA,NA,NA,NA,8.8,NA,NA,NA,NA,NA,NA,NA,0.1,NA,NA,NA,NA,NA,NA,NA,NA,0.88,NA,NA,-1,NA,NA,NA,NA,NA,NA,NA,NA,NA,NA,NA,NA,NA,NA,NA,NA,NA
"29","S_065","PFHpA, species 9",NA,NA,NA,NA,9.3,NA,NA,NA,NA,NA,NA,NA,0.2,NA,NA,NA,NA,NA,NA,NA,NA,1.4,NA,NA,-0.698970004336019,NA,NA,NA,NA,NA,NA,NA,NA,NA,NA,NA,NA,NA,NA,NA,NA,NA
"30","S_065","PFHpA, species 10",NA,NA,NA,NA,7.5,NA,NA,NA,NA,NA,NA,NA,0.076,NA,NA,NA,NA,NA,NA,NA,NA,0.11,NA,NA,-1.11918640771921,NA,NA,NA,NA,NA,NA,NA,NA,NA,NA,NA,NA,NA,NA,NA,NA,NA
"31","S_065","PFOA, species 1",1.3,NA,NA,NA,5.4,NA,NA,NA,NA,NA,NA,NA,NA,NA,NA,NA,NA,NA,NA,NA,NA,0.17,NA,NA,NA,0.113943352306837,NA,NA,NA,NA,NA,NA,NA,NA,NA,NA,NA,NA,NA,NA,NA,NA
"32","S_065","PFOA, species 2",2.6,NA,NA,NA,7,NA,NA,NA,NA,NA,NA,NA,NA,NA,NA,NA,NA,NA,NA,NA,NA,0.73,NA,NA,NA,0.414973347970818,NA,NA,NA,NA,NA,NA,NA,NA,NA,NA,NA,NA,NA,NA,NA,NA
"33","S_065","PFOA, species 3",8.1,NA,NA,NA,8.9,NA,NA,NA,NA,NA,NA,NA,NA,NA,NA,NA,NA,NA,NA,NA,NA,0.5,NA,NA,NA,0.90848501887865,NA,NA,NA,NA,NA,NA,NA,NA,NA,NA,NA,NA,NA,NA,NA,NA
"34","S_065","PFOA, species 4",19,NA,NA,NA,12,NA,NA,NA,NA,NA,NA,NA,NA,NA,NA,NA,NA,NA,NA,NA,NA,2,NA,NA,NA,1.27875360095283,NA,NA,NA,NA,NA,NA,NA,NA,NA,NA,NA,NA,NA,NA,NA,NA
"35","S_065","PFOA, species 5",6,NA,NA,NA,10,NA,NA,NA,NA,NA,NA,NA,NA,NA,NA,NA,NA,NA,NA,NA,NA,1.1,NA,NA,NA,0.778151250383644,NA,NA,NA,NA,NA,NA,NA,NA,NA,NA,NA,NA,NA,NA,NA,NA
"36","S_065","PFOA, species 6",3.5,NA,NA,NA,10,NA,NA,NA,NA,NA,NA,NA,NA,NA,NA,NA,NA,NA,NA,NA,NA,1.9,NA,NA,NA,0.544068044350276,NA,NA,NA,NA,NA,NA,NA,NA,NA,NA,NA,NA,NA,NA,NA,NA
"37","S_065","PFOA, species 7",3.5,NA,NA,NA,9.6,NA,NA,NA,NA,NA,NA,NA,NA,NA,NA,NA,NA,NA,NA,NA,NA,1.3,NA,NA,NA,0.544068044350276,NA,NA,NA,NA,NA,NA,NA,NA,NA,NA,NA,NA,NA,NA,NA,NA
"38","S_065","PFOA, species 8",1.1,NA,NA,NA,8.8,NA,NA,NA,NA,NA,NA,NA,NA,NA,NA,NA,NA,NA,NA,NA,NA,0.88,NA,NA,NA,0.0413926851582251,NA,NA,NA,NA,NA,NA,NA,NA,NA,NA,NA,NA,NA,NA,NA,NA
"39","S_065","PFOA, species 9",1.4,NA,NA,NA,9.3,NA,NA,NA,NA,NA,NA,NA,NA,NA,NA,NA,NA,NA,NA,NA,NA,1.4,NA,NA,NA,0.146128035678238,NA,NA,NA,NA,NA,NA,NA,NA,NA,NA,NA,NA,NA,NA,NA,NA
"40","S_065","PFOA, species 10",2,NA,NA,NA,7.5,NA,NA,NA,NA,NA,NA,NA,NA,NA,NA,NA,NA,NA,NA,NA,NA,0.11,NA,NA,NA,0.301029995663981,NA,NA,NA,NA,NA,NA,NA,NA,NA,NA,NA,NA,NA,NA,NA,NA
"41","S_065","PFNA, species 1",NA,NA,NA,NA,5.4,0.17,NA,NA,NA,NA,NA,NA,NA,NA,NA,NA,NA,NA,NA,NA,NA,0.17,NA,NA,NA,NA,-0.769551078621726,NA,NA,NA,NA,NA,NA,NA,NA,NA,NA,NA,NA,NA,NA,NA
"42","S_065","PFNA, species 2",NA,NA,NA,NA,7,0.3,NA,NA,NA,NA,NA,NA,NA,NA,NA,NA,NA,NA,NA,NA,NA,0.73,NA,NA,NA,NA,-0.522878745280338,NA,NA,NA,NA,NA,NA,NA,NA,NA,NA,NA,NA,NA,NA,NA
"43","S_065","PFNA, species 3",NA,NA,NA,NA,8.9,0.17,NA,NA,NA,NA,NA,NA,NA,NA,NA,NA,NA,NA,NA,NA,NA,0.5,NA,NA,NA,NA,-0.769551078621726,NA,NA,NA,NA,NA,NA,NA,NA,NA,NA,NA,NA,NA,NA,NA
"44","S_065","PFNA, species 4",NA,NA,NA,NA,12,0.71,NA,NA,NA,NA,NA,NA,NA,NA,NA,NA,NA,NA,NA,NA,NA,2,NA,NA,NA,NA,-0.148741651280925,NA,NA,NA,NA,NA,NA,NA,NA,NA,NA,NA,NA,NA,NA,NA
"45","S_065","PFNA, species 5",NA,NA,NA,NA,10,0.66,NA,NA,NA,NA,NA,NA,NA,NA,NA,NA,NA,NA,NA,NA,NA,1.1,NA,NA,NA,NA,-0.180456064458131,NA,NA,NA,NA,NA,NA,NA,NA,NA,NA,NA,NA,NA,NA,NA
"46","S_065","PFNA, species 6",NA,NA,NA,NA,10,0.6,NA,NA,NA,NA,NA,NA,NA,NA,NA,NA,NA,NA,NA,NA,NA,1.9,NA,NA,NA,NA,-0.221848749616356,NA,NA,NA,NA,NA,NA,NA,NA,NA,NA,NA,NA,NA,NA,NA
"47","S_065","PFNA, species 7",NA,NA,NA,NA,9.6,0.6,NA,NA,NA,NA,NA,NA,NA,NA,NA,NA,NA,NA,NA,NA,NA,1.3,NA,NA,NA,NA,-0.221848749616356,NA,NA,NA,NA,NA,NA,NA,NA,NA,NA,NA,NA,NA,NA,NA
"48","S_065","PFNA, species 8",NA,NA,NA,NA,8.8,0.47,NA,NA,NA,NA,NA,NA,NA,NA,NA,NA,NA,NA,NA,NA,NA,0.88,NA,NA,NA,NA,-0.327902142064283,NA,NA,NA,NA,NA,NA,NA,NA,NA,NA,NA,NA,NA,NA,NA
"49","S_065","PFNA, species 9",NA,NA,NA,NA,9.3,0.39,NA,NA,NA,NA,NA,NA,NA,NA,NA,NA,NA,NA,NA,NA,NA,1.4,NA,NA,NA,NA,-0.408935392973501,NA,NA,NA,NA,NA,NA,NA,NA,NA,NA,NA,NA,NA,NA,NA
"50","S_065","PFNA, species 10",NA,NA,NA,NA,7.5,0.33,NA,NA,NA,NA,NA,NA,NA,NA,NA,NA,NA,NA,NA,NA,NA,0.11,NA,NA,NA,NA,-0.481486060122112,NA,NA,NA,NA,NA,NA,NA,NA,NA,NA,NA,NA,NA,NA,NA
"51","S_065","PFDA, species 1",NA,NA,NA,NA,5.4,NA,0.094,NA,NA,NA,NA,NA,NA,NA,NA,NA,NA,NA,NA,NA,NA,0.17,NA,NA,NA,NA,NA,-1.0268721464003,NA,NA,NA,NA,NA,NA,NA,NA,NA,NA,NA,NA,NA,NA
"52","S_065","PFDA, species 2",NA,NA,NA,NA,7,NA,0.18,NA,NA,NA,NA,NA,NA,NA,NA,NA,NA,NA,NA,NA,NA,0.73,NA,NA,NA,NA,NA,-0.744727494896694,NA,NA,NA,NA,NA,NA,NA,NA,NA,NA,NA,NA,NA,NA
"53","S_065","PFDA, species 3",NA,NA,NA,NA,8.9,NA,0.12,NA,NA,NA,NA,NA,NA,NA,NA,NA,NA,NA,NA,NA,NA,0.5,NA,NA,NA,NA,NA,-0.920818753952375,NA,NA,NA,NA,NA,NA,NA,NA,NA,NA,NA,NA,NA,NA
"54","S_065","PFDA, species 4",NA,NA,NA,NA,12,NA,2.4,NA,NA,NA,NA,NA,NA,NA,NA,NA,NA,NA,NA,NA,NA,2,NA,NA,NA,NA,NA,0.380211241711606,NA,NA,NA,NA,NA,NA,NA,NA,NA,NA,NA,NA,NA,NA
"55","S_065","PFDA, species 5",NA,NA,NA,NA,10,NA,1.5,NA,NA,NA,NA,NA,NA,NA,NA,NA,NA,NA,NA,NA,NA,1.1,NA,NA,NA,NA,NA,0.176091259055681,NA,NA,NA,NA,NA,NA,NA,NA,NA,NA,NA,NA,NA,NA
"56","S_065","PFDA, species 6",NA,NA,NA,NA,10,NA,2.4,NA,NA,NA,NA,NA,NA,NA,NA,NA,NA,NA,NA,NA,NA,1.9,NA,NA,NA,NA,NA,0.380211241711606,NA,NA,NA,NA,NA,NA,NA,NA,NA,NA,NA,NA,NA,NA
"57","S_065","PFDA, species 7",NA,NA,NA,NA,9.6,NA,2.4,NA,NA,NA,NA,NA,NA,NA,NA,NA,NA,NA,NA,NA,NA,1.3,NA,NA,NA,NA,NA,0.380211241711606,NA,NA,NA,NA,NA,NA,NA,NA,NA,NA,NA,NA,NA,NA
"58","S_065","PFDA, species 8",NA,NA,NA,NA,8.8,NA,0.92,NA,NA,NA,NA,NA,NA,NA,NA,NA,NA,NA,NA,NA,NA,0.88,NA,NA,NA,NA,NA,-0.0362121726544447,NA,NA,NA,NA,NA,NA,NA,NA,NA,NA,NA,NA,NA,NA
"59","S_065","PFDA, species 9",NA,NA,NA,NA,9.3,NA,0.22,NA,NA,NA,NA,NA,NA,NA,NA,NA,NA,NA,NA,NA,NA,1.4,NA,NA,NA,NA,NA,-0.657577319177794,NA,NA,NA,NA,NA,NA,NA,NA,NA,NA,NA,NA,NA,NA
"60","S_065","PFDA, species 10",NA,NA,NA,NA,7.5,NA,0.22,NA,NA,NA,NA,NA,NA,NA,NA,NA,NA,NA,NA,NA,NA,0.11,NA,NA,NA,NA,NA,-0.657577319177794,NA,NA,NA,NA,NA,NA,NA,NA,NA,NA,NA,NA,NA,NA
"61","S_065","PFUnDA, species 1",NA,0.09,NA,NA,5.4,NA,NA,NA,NA,NA,NA,NA,NA,NA,NA,NA,NA,NA,NA,NA,NA,0.17,NA,NA,NA,NA,NA,NA,-1.04575749056068,NA,NA,NA,NA,NA,NA,NA,NA,NA,NA,NA,NA,NA
"62","S_065","PFUnDA, species 2",NA,0.11,NA,NA,7,NA,NA,NA,NA,NA,NA,NA,NA,NA,NA,NA,NA,NA,NA,NA,NA,0.73,NA,NA,NA,NA,NA,NA,-0.958607314841775,NA,NA,NA,NA,NA,NA,NA,NA,NA,NA,NA,NA,NA
"63","S_065","PFUnDA, species 3",NA,0.11,NA,NA,8.9,NA,NA,NA,NA,NA,NA,NA,NA,NA,NA,NA,NA,NA,NA,NA,NA,0.5,NA,NA,NA,NA,NA,NA,-0.958607314841775,NA,NA,NA,NA,NA,NA,NA,NA,NA,NA,NA,NA,NA
"64","S_065","PFUnDA, species 4",NA,8.7,NA,NA,12,NA,NA,NA,NA,NA,NA,NA,NA,NA,NA,NA,NA,NA,NA,NA,NA,2,NA,NA,NA,NA,NA,NA,0.939519252618618,NA,NA,NA,NA,NA,NA,NA,NA,NA,NA,NA,NA,NA
"65","S_065","PFUnDA, species 5",NA,6,NA,NA,10,NA,NA,NA,NA,NA,NA,NA,NA,NA,NA,NA,NA,NA,NA,NA,NA,1.1,NA,NA,NA,NA,NA,NA,0.778151250383644,NA,NA,NA,NA,NA,NA,NA,NA,NA,NA,NA,NA,NA
"66","S_065","PFUnDA, species 6",NA,6.2,NA,NA,10,NA,NA,NA,NA,NA,NA,NA,NA,NA,NA,NA,NA,NA,NA,NA,NA,1.9,NA,NA,NA,NA,NA,NA,0.792391689498254,NA,NA,NA,NA,NA,NA,NA,NA,NA,NA,NA,NA,NA
"67","S_065","PFUnDA, species 7",NA,6.2,NA,NA,9.6,NA,NA,NA,NA,NA,NA,NA,NA,NA,NA,NA,NA,NA,NA,NA,NA,1.3,NA,NA,NA,NA,NA,NA,0.792391689498254,NA,NA,NA,NA,NA,NA,NA,NA,NA,NA,NA,NA,NA
"68","S_065","PFUnDA, species 8",NA,2.9,NA,NA,8.8,NA,NA,NA,NA,NA,NA,NA,NA,NA,NA,NA,NA,NA,NA,NA,NA,0.88,NA,NA,NA,NA,NA,NA,0.462397997898956,NA,NA,NA,NA,NA,NA,NA,NA,NA,NA,NA,NA,NA
"69","S_065","PFUnDA, species 9",NA,0.59,NA,NA,9.3,NA,NA,NA,NA,NA,NA,NA,NA,NA,NA,NA,NA,NA,NA,NA,NA,1.4,NA,NA,NA,NA,NA,NA,-0.229147988357856,NA,NA,NA,NA,NA,NA,NA,NA,NA,NA,NA,NA,NA
"70","S_065","PFUnDA, species 10",NA,0.42,NA,NA,7.5,NA,NA,NA,NA,NA,NA,NA,NA,NA,NA,NA,NA,NA,NA,NA,NA,0.11,NA,NA,NA,NA,NA,NA,-0.3767507096021,NA,NA,NA,NA,NA,NA,NA,NA,NA,NA,NA,NA,NA
"71","S_065","PFDoDA, species 1",NA,NA,NA,NA,8.9,NA,NA,0.056,NA,NA,NA,NA,NA,NA,NA,NA,NA,NA,NA,NA,NA,0.5,NA,NA,NA,NA,NA,NA,NA,-1.2518119729938,NA,NA,NA,NA,NA,NA,NA,NA,NA,NA,NA,NA
"72","S_065","PFDoDA, species 2",NA,NA,NA,NA,12,NA,NA,2,NA,NA,NA,NA,NA,NA,NA,NA,NA,NA,NA,NA,NA,2,NA,NA,NA,NA,NA,NA,NA,0.301029995663981,NA,NA,NA,NA,NA,NA,NA,NA,NA,NA,NA,NA
"73","S_065","PFDoDA, species 3",NA,NA,NA,NA,10,NA,NA,1.4,NA,NA,NA,NA,NA,NA,NA,NA,NA,NA,NA,NA,NA,1.1,NA,NA,NA,NA,NA,NA,NA,0.146128035678238,NA,NA,NA,NA,NA,NA,NA,NA,NA,NA,NA,NA
"74","S_065","PFDoDA, species 4",NA,NA,NA,NA,10,NA,NA,1.8,NA,NA,NA,NA,NA,NA,NA,NA,NA,NA,NA,NA,NA,1.9,NA,NA,NA,NA,NA,NA,NA,0.255272505103306,NA,NA,NA,NA,NA,NA,NA,NA,NA,NA,NA,NA
"75","S_065","PFDoDA, species 5",NA,NA,NA,NA,9.6,NA,NA,1.8,NA,NA,NA,NA,NA,NA,NA,NA,NA,NA,NA,NA,NA,1.3,NA,NA,NA,NA,NA,NA,NA,0.255272505103306,NA,NA,NA,NA,NA,NA,NA,NA,NA,NA,NA,NA
"76","S_065","PFDoDA, species 6",NA,NA,NA,NA,8.8,NA,NA,0.81,NA,NA,NA,NA,NA,NA,NA,NA,NA,NA,NA,NA,NA,0.88,NA,NA,NA,NA,NA,NA,NA,-0.0915149811213502,NA,NA,NA,NA,NA,NA,NA,NA,NA,NA,NA,NA
"77","S_065","PFDoDA, species 7",NA,NA,NA,NA,9.3,NA,NA,0.2,NA,NA,NA,NA,NA,NA,NA,NA,NA,NA,NA,NA,NA,1.4,NA,NA,NA,NA,NA,NA,NA,-0.698970004336019,NA,NA,NA,NA,NA,NA,NA,NA,NA,NA,NA,NA
"78","S_065","PFDoDA, species 8",NA,NA,NA,NA,7.5,NA,NA,0.091,NA,NA,NA,NA,NA,NA,NA,NA,NA,NA,NA,NA,NA,0.11,NA,NA,NA,NA,NA,NA,NA,-1.04095860767891,NA,NA,NA,NA,NA,NA,NA,NA,NA,NA,NA,NA
"79","S_065","PFTrDA, species 1",NA,NA,0.049,NA,5.4,NA,NA,NA,NA,NA,NA,NA,NA,NA,NA,NA,NA,NA,NA,NA,NA,0.17,NA,NA,NA,NA,NA,NA,NA,NA,-1.30980391997149,NA,NA,NA,NA,NA,NA,NA,NA,NA,NA,NA
"80","S_065","PFTrDA, species 2",NA,NA,0.051,NA,7,NA,NA,NA,NA,NA,NA,NA,NA,NA,NA,NA,NA,NA,NA,NA,NA,0.73,NA,NA,NA,NA,NA,NA,NA,NA,-1.29242982390206,NA,NA,NA,NA,NA,NA,NA,NA,NA,NA,NA
"81","S_065","PFTrDA, species 3",NA,NA,0.12,NA,8.9,NA,NA,NA,NA,NA,NA,NA,NA,NA,NA,NA,NA,NA,NA,NA,NA,0.5,NA,NA,NA,NA,NA,NA,NA,NA,-0.920818753952375,NA,NA,NA,NA,NA,NA,NA,NA,NA,NA,NA
"82","S_065","PFTrDA, species 4",NA,NA,6.4,NA,12,NA,NA,NA,NA,NA,NA,NA,NA,NA,NA,NA,NA,NA,NA,NA,NA,2,NA,NA,NA,NA,NA,NA,NA,NA,0.806179973983887,NA,NA,NA,NA,NA,NA,NA,NA,NA,NA,NA
"83","S_065","PFTrDA, species 5",NA,NA,5.2,NA,10,NA,NA,NA,NA,NA,NA,NA,NA,NA,NA,NA,NA,NA,NA,NA,NA,1.1,NA,NA,NA,NA,NA,NA,NA,NA,0.716003343634799,NA,NA,NA,NA,NA,NA,NA,NA,NA,NA,NA
"84","S_065","PFTrDA, species 6",NA,NA,4.6,NA,10,NA,NA,NA,NA,NA,NA,NA,NA,NA,NA,NA,NA,NA,NA,NA,NA,1.9,NA,NA,NA,NA,NA,NA,NA,NA,0.662757831681574,NA,NA,NA,NA,NA,NA,NA,NA,NA,NA,NA
"85","S_065","PFTrDA, species 7",NA,NA,4.6,NA,9.6,NA,NA,NA,NA,NA,NA,NA,NA,NA,NA,NA,NA,NA,NA,NA,NA,1.3,NA,NA,NA,NA,NA,NA,NA,NA,0.662757831681574,NA,NA,NA,NA,NA,NA,NA,NA,NA,NA,NA
"86","S_065","PFTrDA, species 8",NA,NA,2.6,NA,8.8,NA,NA,NA,NA,NA,NA,NA,NA,NA,NA,NA,NA,NA,NA,NA,NA,0.88,NA,NA,NA,NA,NA,NA,NA,NA,0.414973347970818,NA,NA,NA,NA,NA,NA,NA,NA,NA,NA,NA
"87","S_065","PFTrDA, species 9",NA,NA,0.73,NA,9.3,NA,NA,NA,NA,NA,NA,NA,NA,NA,NA,NA,NA,NA,NA,NA,NA,1.4,NA,NA,NA,NA,NA,NA,NA,NA,-0.136677139879544,NA,NA,NA,NA,NA,NA,NA,NA,NA,NA,NA
"88","S_065","PFTrDA, species 10",NA,NA,0.43,NA,7.5,NA,NA,NA,NA,NA,NA,NA,NA,NA,NA,NA,NA,NA,NA,NA,NA,0.11,NA,NA,NA,NA,NA,NA,NA,NA,-0.366531544420413,NA,NA,NA,NA,NA,NA,NA,NA,NA,NA,NA
"89","S_065","PFTeDA, species 4",NA,NA,NA,NA,12,NA,NA,NA,NA,NA,0.77,NA,NA,NA,NA,NA,NA,NA,NA,NA,NA,2,NA,NA,NA,NA,NA,NA,NA,NA,NA,-0.113509274827518,NA,NA,NA,NA,NA,NA,NA,NA,NA,NA
"90","S_065","PFTeDA, species 5",NA,NA,NA,NA,10,NA,NA,NA,NA,NA,0.76,NA,NA,NA,NA,NA,NA,NA,NA,NA,NA,1.1,NA,NA,NA,NA,NA,NA,NA,NA,NA,-0.119186407719209,NA,NA,NA,NA,NA,NA,NA,NA,NA,NA
"91","S_065","PFTeDA, species 6",NA,NA,NA,NA,10,NA,NA,NA,NA,NA,0.61,NA,NA,NA,NA,NA,NA,NA,NA,NA,NA,1.9,NA,NA,NA,NA,NA,NA,NA,NA,NA,-0.214670164989233,NA,NA,NA,NA,NA,NA,NA,NA,NA,NA
"92","S_065","PFTeDA, species 7",NA,NA,NA,NA,9.6,NA,NA,NA,NA,NA,0.61,NA,NA,NA,NA,NA,NA,NA,NA,NA,NA,1.3,NA,NA,NA,NA,NA,NA,NA,NA,NA,-0.214670164989233,NA,NA,NA,NA,NA,NA,NA,NA,NA,NA
"93","S_065","PFTeDA, species 8",NA,NA,NA,NA,8.8,NA,NA,NA,NA,NA,0.35,NA,NA,NA,NA,NA,NA,NA,NA,NA,NA,0.88,NA,NA,NA,NA,NA,NA,NA,NA,NA,-0.455931955649724,NA,NA,NA,NA,NA,NA,NA,NA,NA,NA
"94","S_065","PFTeDA, species 9",NA,NA,NA,NA,9.3,NA,NA,NA,NA,NA,0.06,NA,NA,NA,NA,NA,NA,NA,NA,NA,NA,1.4,NA,NA,NA,NA,NA,NA,NA,NA,NA,-1.22184874961636,NA,NA,NA,NA,NA,NA,NA,NA,NA,NA
"95","S_065","PFBS, species 1",NA,NA,NA,NA,5.4,NA,NA,NA,NA,NA,NA,NA,NA,0.31,NA,NA,NA,NA,NA,NA,NA,0.17,NA,NA,NA,NA,NA,NA,NA,NA,NA,NA,-0.508638306165727,NA,NA,NA,NA,NA,NA,NA,NA,NA
"96","S_065","PFBS, species 2",NA,NA,NA,NA,7,NA,NA,NA,NA,NA,NA,NA,NA,0.67,NA,NA,NA,NA,NA,NA,NA,0.73,NA,NA,NA,NA,NA,NA,NA,NA,NA,NA,-0.173925197299174,NA,NA,NA,NA,NA,NA,NA,NA,NA
"97","S_065","PFBS, species 3",NA,NA,NA,NA,8.9,NA,NA,NA,NA,NA,NA,NA,NA,0.22,NA,NA,NA,NA,NA,NA,NA,0.5,NA,NA,NA,NA,NA,NA,NA,NA,NA,NA,-0.657577319177794,NA,NA,NA,NA,NA,NA,NA,NA,NA
"98","S_065","PFBS, species 4",NA,NA,NA,NA,12,NA,NA,NA,NA,NA,NA,NA,NA,0.75,NA,NA,NA,NA,NA,NA,NA,2,NA,NA,NA,NA,NA,NA,NA,NA,NA,NA,-0.1249387366083,NA,NA,NA,NA,NA,NA,NA,NA,NA
"99","S_065","PFBS, species 5",NA,NA,NA,NA,10,NA,NA,NA,NA,NA,NA,NA,NA,NA,NA,NA,NA,NA,NA,NA,NA,1.1,NA,NA,NA,NA,NA,NA,NA,NA,NA,NA,NA,NA,NA,NA,NA,NA,NA,NA,NA,NA
"100","S_065","PFBS, species 6",NA,NA,NA,NA,10,NA,NA,NA,NA,NA,NA,NA,NA,0.09,NA,NA,NA,NA,NA,NA,NA,1.9,NA,NA,NA,NA,NA,NA,NA,NA,NA,NA,-1.04575749056068,NA,NA,NA,NA,NA,NA,NA,NA,NA
"101","S_065","PFBS, species 7",NA,NA,NA,NA,9.6,NA,NA,NA,NA,NA,NA,NA,NA,0.44,NA,NA,NA,NA,NA,NA,NA,1.3,NA,NA,NA,NA,NA,NA,NA,NA,NA,NA,-0.356547323513813,NA,NA,NA,NA,NA,NA,NA,NA,NA
"102","S_065","PFBS, species 8",NA,NA,NA,NA,8.8,NA,NA,NA,NA,NA,NA,NA,NA,NA,NA,NA,NA,NA,NA,NA,NA,0.88,NA,NA,NA,NA,NA,NA,NA,NA,NA,NA,NA,NA,NA,NA,NA,NA,NA,NA,NA,NA
"103","S_065","PFBS, species 9",NA,NA,NA,NA,9.3,NA,NA,NA,NA,NA,NA,NA,NA,0.54,NA,NA,NA,NA,NA,NA,NA,1.4,NA,NA,NA,NA,NA,NA,NA,NA,NA,NA,-0.267606240177031,NA,NA,NA,NA,NA,NA,NA,NA,NA
"104","S_065","PFBS, species 10",NA,NA,NA,NA,7.5,NA,NA,NA,NA,NA,NA,NA,NA,0.093,NA,NA,NA,NA,NA,NA,NA,0.11,NA,NA,NA,NA,NA,NA,NA,NA,NA,NA,-1.03151705144606,NA,NA,NA,NA,NA,NA,NA,NA,NA
"105","S_065","PFHxS, species 1",NA,NA,NA,NA,5.4,NA,NA,NA,NA,1.8,NA,NA,NA,NA,NA,NA,NA,NA,NA,NA,NA,0.17,NA,NA,NA,NA,NA,NA,NA,NA,NA,NA,NA,0.255272505103306,NA,NA,NA,NA,NA,NA,NA,NA
"106","S_065","PFHxS, species 2",NA,NA,NA,NA,7,NA,NA,NA,NA,0.84,NA,NA,NA,NA,NA,NA,NA,NA,NA,NA,NA,0.73,NA,NA,NA,NA,NA,NA,NA,NA,NA,NA,NA,-0.0757207139381184,NA,NA,NA,NA,NA,NA,NA,NA
"107","S_065","PFHxS, species 3",NA,NA,NA,NA,8.9,NA,NA,NA,NA,0.44,NA,NA,NA,NA,NA,NA,NA,NA,NA,NA,NA,0.5,NA,NA,NA,NA,NA,NA,NA,NA,NA,NA,NA,-0.356547323513813,NA,NA,NA,NA,NA,NA,NA,NA
"108","S_065","PFHxS, species 4",NA,NA,NA,NA,12,NA,NA,NA,NA,1.2,NA,NA,NA,NA,NA,NA,NA,NA,NA,NA,NA,2,NA,NA,NA,NA,NA,NA,NA,NA,NA,NA,NA,0.0791812460476248,NA,NA,NA,NA,NA,NA,NA,NA
"109","S_065","PFHxS, species 5",NA,NA,NA,NA,10,NA,NA,NA,NA,1.8,NA,NA,NA,NA,NA,NA,NA,NA,NA,NA,NA,1.1,NA,NA,NA,NA,NA,NA,NA,NA,NA,NA,NA,0.255272505103306,NA,NA,NA,NA,NA,NA,NA,NA
"110","S_065","PFHxS, species 6",NA,NA,NA,NA,10,NA,NA,NA,NA,2.4,NA,NA,NA,NA,NA,NA,NA,NA,NA,NA,NA,1.9,NA,NA,NA,NA,NA,NA,NA,NA,NA,NA,NA,0.380211241711606,NA,NA,NA,NA,NA,NA,NA,NA
"111","S_065","PFHxS, species 7",NA,NA,NA,NA,9.6,NA,NA,NA,NA,0.55,NA,NA,NA,NA,NA,NA,NA,NA,NA,NA,NA,1.3,NA,NA,NA,NA,NA,NA,NA,NA,NA,NA,NA,-0.259637310505756,NA,NA,NA,NA,NA,NA,NA,NA
"112","S_065","PFHxS, species 8",NA,NA,NA,NA,8.8,NA,NA,NA,NA,2.2,NA,NA,NA,NA,NA,NA,NA,NA,NA,NA,NA,0.88,NA,NA,NA,NA,NA,NA,NA,NA,NA,NA,NA,0.342422680822206,NA,NA,NA,NA,NA,NA,NA,NA
"113","S_065","PFHxS, species 9",NA,NA,NA,NA,9.3,NA,NA,NA,NA,6.2,NA,NA,NA,NA,NA,NA,NA,NA,NA,NA,NA,1.4,NA,NA,NA,NA,NA,NA,NA,NA,NA,NA,NA,0.792391689498254,NA,NA,NA,NA,NA,NA,NA,NA
"114","S_065","PFHxS, species 10",NA,NA,NA,NA,7.5,NA,NA,NA,NA,0.55,NA,NA,NA,NA,NA,NA,NA,NA,NA,NA,NA,0.11,NA,NA,NA,NA,NA,NA,NA,NA,NA,NA,NA,-0.259637310505756,NA,NA,NA,NA,NA,NA,NA,NA
"115","S_065","PFHpS, species 1",NA,NA,NA,NA,5.4,NA,NA,NA,NA,NA,NA,NA,NA,NA,0.2,NA,NA,NA,NA,NA,NA,0.17,NA,NA,NA,NA,NA,NA,NA,NA,NA,NA,NA,NA,-0.698970004336019,NA,NA,NA,NA,NA,NA,NA
"116","S_065","PFHpS, species 2",NA,NA,NA,NA,7,NA,NA,NA,NA,NA,NA,NA,NA,NA,0.16,NA,NA,NA,NA,NA,NA,0.73,NA,NA,NA,NA,NA,NA,NA,NA,NA,NA,NA,NA,-0.795880017344075,NA,NA,NA,NA,NA,NA,NA
"117","S_065","PFHpS, species 3",NA,NA,NA,NA,8.9,NA,NA,NA,NA,NA,NA,NA,NA,NA,NA,NA,NA,NA,NA,NA,NA,0.5,NA,NA,NA,NA,NA,NA,NA,NA,NA,NA,NA,NA,NA,NA,NA,NA,NA,NA,NA,NA
"118","S_065","PFHpS, species 4",NA,NA,NA,NA,12,NA,NA,NA,NA,NA,NA,NA,NA,NA,0.21,NA,NA,NA,NA,NA,NA,2,NA,NA,NA,NA,NA,NA,NA,NA,NA,NA,NA,NA,-0.677780705266081,NA,NA,NA,NA,NA,NA,NA
"119","S_065","PFHpS, species 5",NA,NA,NA,NA,10,NA,NA,NA,NA,NA,NA,NA,NA,NA,NA,NA,NA,NA,NA,NA,NA,1.1,NA,NA,NA,NA,NA,NA,NA,NA,NA,NA,NA,NA,NA,NA,NA,NA,NA,NA,NA,NA
"120","S_065","PFHpS, species 6",NA,NA,NA,NA,10,NA,NA,NA,NA,NA,NA,NA,NA,NA,0.12,NA,NA,NA,NA,NA,NA,1.9,NA,NA,NA,NA,NA,NA,NA,NA,NA,NA,NA,NA,-0.920818753952375,NA,NA,NA,NA,NA,NA,NA
"121","S_065","PFHpS, species 7",NA,NA,NA,NA,9.6,NA,NA,NA,NA,NA,NA,NA,NA,NA,NA,NA,NA,NA,NA,NA,NA,1.3,NA,NA,NA,NA,NA,NA,NA,NA,NA,NA,NA,NA,NA,NA,NA,NA,NA,NA,NA,NA
"122","S_065","PFHpS, species 8",NA,NA,NA,NA,8.8,NA,NA,NA,NA,NA,NA,NA,NA,NA,NA,NA,NA,NA,NA,NA,NA,0.88,NA,NA,NA,NA,NA,NA,NA,NA,NA,NA,NA,NA,NA,NA,NA,NA,NA,NA,NA,NA
"123","S_065","PFHpS, species 9",NA,NA,NA,NA,9.3,NA,NA,NA,NA,NA,NA,NA,NA,NA,0.12,NA,NA,NA,NA,NA,NA,1.4,NA,NA,NA,NA,NA,NA,NA,NA,NA,NA,NA,NA,-0.920818753952375,NA,NA,NA,NA,NA,NA,NA
"124","S_065","PFHpS, species 10",NA,NA,NA,NA,7.5,NA,NA,NA,NA,NA,NA,NA,NA,NA,NA,NA,NA,NA,NA,NA,NA,0.11,NA,NA,NA,NA,NA,NA,NA,NA,NA,NA,NA,NA,NA,NA,NA,NA,NA,NA,NA,NA
"125","S_065","PFOS, species 1",NA,NA,NA,1.5,5.4,NA,NA,NA,NA,NA,NA,NA,NA,NA,NA,NA,NA,NA,NA,NA,NA,0.17,NA,NA,NA,NA,NA,NA,NA,NA,NA,NA,NA,NA,NA,0.176091259055681,NA,NA,NA,NA,NA,NA
"126","S_065","PFOS, species 2",NA,NA,NA,2.2,7,NA,NA,NA,NA,NA,NA,NA,NA,NA,NA,NA,NA,NA,NA,NA,NA,0.73,NA,NA,NA,NA,NA,NA,NA,NA,NA,NA,NA,NA,NA,0.342422680822206,NA,NA,NA,NA,NA,NA
"127","S_065","PFOS, species 3",NA,NA,NA,0.51,8.9,NA,NA,NA,NA,NA,NA,NA,NA,NA,NA,NA,NA,NA,NA,NA,NA,0.5,NA,NA,NA,NA,NA,NA,NA,NA,NA,NA,NA,NA,NA,-0.292429823902064,NA,NA,NA,NA,NA,NA
"128","S_065","PFOS, species 4",NA,NA,NA,13,12,NA,NA,NA,NA,NA,NA,NA,NA,NA,NA,NA,NA,NA,NA,NA,NA,2,NA,NA,NA,NA,NA,NA,NA,NA,NA,NA,NA,NA,NA,1.11394335230684,NA,NA,NA,NA,NA,NA
"129","S_065","PFOS, species 5",NA,NA,NA,5.3,10,NA,NA,NA,NA,NA,NA,NA,NA,NA,NA,NA,NA,NA,NA,NA,NA,1.1,NA,NA,NA,NA,NA,NA,NA,NA,NA,NA,NA,NA,NA,0.724275869600789,NA,NA,NA,NA,NA,NA
"130","S_065","PFOS, species 6",NA,NA,NA,7.9,10,NA,NA,NA,NA,NA,NA,NA,NA,NA,NA,NA,NA,NA,NA,NA,NA,1.9,NA,NA,NA,NA,NA,NA,NA,NA,NA,NA,NA,NA,NA,0.897627091290441,NA,NA,NA,NA,NA,NA
"131","S_065","PFOS, species 7",NA,NA,NA,2.5,9.6,NA,NA,NA,NA,NA,NA,NA,NA,NA,NA,NA,NA,NA,NA,NA,NA,1.3,NA,NA,NA,NA,NA,NA,NA,NA,NA,NA,NA,NA,NA,0.397940008672038,NA,NA,NA,NA,NA,NA
"132","S_065","PFOS, species 8",NA,NA,NA,3.6,8.8,NA,NA,NA,NA,NA,NA,NA,NA,NA,NA,NA,NA,NA,NA,NA,NA,0.88,NA,NA,NA,NA,NA,NA,NA,NA,NA,NA,NA,NA,NA,0.556302500767287,NA,NA,NA,NA,NA,NA
"133","S_065","PFOS, species 9",NA,NA,NA,2.6,9.3,NA,NA,NA,NA,NA,NA,NA,NA,NA,NA,NA,NA,NA,NA,NA,NA,1.4,NA,NA,NA,NA,NA,NA,NA,NA,NA,NA,NA,NA,NA,0.414973347970818,NA,NA,NA,NA,NA,NA
"134","S_065","PFOS, species 10",NA,NA,NA,1.8,7.5,NA,NA,NA,NA,NA,NA,NA,NA,NA,NA,NA,NA,NA,NA,NA,NA,0.11,NA,NA,NA,NA,NA,NA,NA,NA,NA,NA,NA,NA,NA,0.255272505103306,NA,NA,NA,NA,NA,NA
"135","S_065","HFPO_DA, species 1",NA,NA,NA,NA,5.4,NA,NA,NA,NA,NA,NA,NA,NA,NA,NA,0.13,NA,NA,NA,NA,NA,0.17,NA,NA,NA,NA,NA,NA,NA,NA,NA,NA,NA,NA,NA,NA,-0.886056647693163,NA,NA,NA,NA,NA
"136","S_065","HFPO_DA, species 2",NA,NA,NA,NA,7,NA,NA,NA,NA,NA,NA,NA,NA,NA,NA,0.08,NA,NA,NA,NA,NA,0.73,NA,NA,NA,NA,NA,NA,NA,NA,NA,NA,NA,NA,NA,NA,-1.09691001300806,NA,NA,NA,NA,NA
"137","S_065","HFPO_DA, species 3",NA,NA,NA,NA,8.9,NA,NA,NA,NA,NA,NA,NA,NA,NA,NA,0.12,NA,NA,NA,NA,NA,0.5,NA,NA,NA,NA,NA,NA,NA,NA,NA,NA,NA,NA,NA,NA,-0.920818753952375,NA,NA,NA,NA,NA
"138","S_065","HFPO_DA, species 4",NA,NA,NA,NA,12,NA,NA,NA,NA,NA,NA,NA,NA,NA,NA,0.23,NA,NA,NA,NA,NA,2,NA,NA,NA,NA,NA,NA,NA,NA,NA,NA,NA,NA,NA,NA,-0.638272163982407,NA,NA,NA,NA,NA
"139","S_065","HFPO_DA, species 5",NA,NA,NA,NA,10,NA,NA,NA,NA,NA,NA,NA,NA,NA,NA,0.3,NA,NA,NA,NA,NA,1.1,NA,NA,NA,NA,NA,NA,NA,NA,NA,NA,NA,NA,NA,NA,-0.522878745280338,NA,NA,NA,NA,NA
"140","S_065","HFPO_DA, species 6",NA,NA,NA,NA,10,NA,NA,NA,NA,NA,NA,NA,NA,NA,NA,0.24,NA,NA,NA,NA,NA,1.9,NA,NA,NA,NA,NA,NA,NA,NA,NA,NA,NA,NA,NA,NA,-0.619788758288394,NA,NA,NA,NA,NA
"141","S_065","HFPO_DA, species 7",NA,NA,NA,NA,9.6,NA,NA,NA,NA,NA,NA,NA,NA,NA,NA,0.15,NA,NA,NA,NA,NA,1.3,NA,NA,NA,NA,NA,NA,NA,NA,NA,NA,NA,NA,NA,NA,-0.823908740944319,NA,NA,NA,NA,NA
"142","S_065","HFPO_DA, species 8",NA,NA,NA,NA,8.8,NA,NA,NA,NA,NA,NA,NA,NA,NA,NA,0.11,NA,NA,NA,NA,NA,0.88,NA,NA,NA,NA,NA,NA,NA,NA,NA,NA,NA,NA,NA,NA,-0.958607314841775,NA,NA,NA,NA,NA
"143","S_065","HFPO_DA, species 9",NA,NA,NA,NA,9.3,NA,NA,NA,NA,NA,NA,NA,NA,NA,NA,NA,NA,NA,NA,NA,NA,1.4,NA,NA,NA,NA,NA,NA,NA,NA,NA,NA,NA,NA,NA,NA,NA,NA,NA,NA,NA,NA
"144","S_065","HFPO_DA, species 10",NA,NA,NA,NA,7.5,NA,NA,NA,NA,NA,NA,NA,NA,NA,NA,0.096,NA,NA,NA,NA,NA,0.11,NA,NA,NA,NA,NA,NA,NA,NA,NA,NA,NA,NA,NA,NA,-1.01772876696043,NA,NA,NA,NA,NA
"145","S_065","HFPO_TrA, species 1",NA,NA,NA,NA,5.4,NA,NA,NA,NA,NA,NA,NA,NA,NA,NA,NA,0.41,NA,NA,NA,NA,0.17,NA,NA,NA,NA,NA,NA,NA,NA,NA,NA,NA,NA,NA,NA,NA,-0.387216143280265,NA,NA,NA,NA
"146","S_065","HFPO_TrA, species 2",NA,NA,NA,NA,7,NA,NA,NA,NA,NA,NA,NA,NA,NA,NA,NA,0.39,NA,NA,NA,NA,0.73,NA,NA,NA,NA,NA,NA,NA,NA,NA,NA,NA,NA,NA,NA,NA,-0.408935392973501,NA,NA,NA,NA
"147","S_065","HFPO_TrA, species 3",NA,NA,NA,NA,8.9,NA,NA,NA,NA,NA,NA,NA,NA,NA,NA,NA,0.68,NA,NA,NA,NA,0.5,NA,NA,NA,NA,NA,NA,NA,NA,NA,NA,NA,NA,NA,NA,NA,-0.167491087293764,NA,NA,NA,NA
"148","S_065","HFPO_TrA, species 4",NA,NA,NA,NA,12,NA,NA,NA,NA,NA,NA,NA,NA,NA,NA,NA,0.77,NA,NA,NA,NA,2,NA,NA,NA,NA,NA,NA,NA,NA,NA,NA,NA,NA,NA,NA,NA,-0.113509274827518,NA,NA,NA,NA
"149","S_065","HFPO_TrA, species 5",NA,NA,NA,NA,10,NA,NA,NA,NA,NA,NA,NA,NA,NA,NA,NA,0.61,NA,NA,NA,NA,1.1,NA,NA,NA,NA,NA,NA,NA,NA,NA,NA,NA,NA,NA,NA,NA,-0.214670164989233,NA,NA,NA,NA
"150","S_065","HFPO_TrA, species 6",NA,NA,NA,NA,10,NA,NA,NA,NA,NA,NA,NA,NA,NA,NA,NA,0.73,NA,NA,NA,NA,1.9,NA,NA,NA,NA,NA,NA,NA,NA,NA,NA,NA,NA,NA,NA,NA,-0.136677139879544,NA,NA,NA,NA
"151","S_065","HFPO_TrA, species 7",NA,NA,NA,NA,9.6,NA,NA,NA,NA,NA,NA,NA,NA,NA,NA,NA,0.56,NA,NA,NA,NA,1.3,NA,NA,NA,NA,NA,NA,NA,NA,NA,NA,NA,NA,NA,NA,NA,-0.2518119729938,NA,NA,NA,NA
"152","S_065","HFPO_TrA, species 8",NA,NA,NA,NA,8.8,NA,NA,NA,NA,NA,NA,NA,NA,NA,NA,NA,0.33,NA,NA,NA,NA,0.88,NA,NA,NA,NA,NA,NA,NA,NA,NA,NA,NA,NA,NA,NA,NA,-0.481486060122112,NA,NA,NA,NA
"153","S_065","HFPO_TrA, species 9",NA,NA,NA,NA,9.3,NA,NA,NA,NA,NA,NA,NA,NA,NA,NA,NA,0.18,NA,NA,NA,NA,1.4,NA,NA,NA,NA,NA,NA,NA,NA,NA,NA,NA,NA,NA,NA,NA,-0.744727494896694,NA,NA,NA,NA
"154","S_065","HFPO_TrA, species 10",NA,NA,NA,NA,7.5,NA,NA,NA,NA,NA,NA,NA,NA,NA,NA,NA,0.63,NA,NA,NA,NA,0.11,NA,NA,NA,NA,NA,NA,NA,NA,NA,NA,NA,NA,NA,NA,NA,-0.200659450546418,NA,NA,NA,NA
"155","S_065","a62ClPFESA, species 1",NA,NA,NA,NA,5.4,NA,NA,NA,NA,NA,NA,NA,NA,NA,NA,NA,NA,15,NA,NA,NA,0.17,NA,NA,NA,NA,NA,NA,NA,NA,NA,NA,NA,NA,NA,NA,NA,NA,1.17609125905568,NA,NA,NA
"156","S_065","a62ClPFESA, species 2",NA,NA,NA,NA,7,NA,NA,NA,NA,NA,NA,NA,NA,NA,NA,NA,NA,0.89,NA,NA,NA,0.73,NA,NA,NA,NA,NA,NA,NA,NA,NA,NA,NA,NA,NA,NA,NA,NA,-0.0506099933550872,NA,NA,NA
"157","S_065","a62ClPFESA, species 3",NA,NA,NA,NA,8.9,NA,NA,NA,NA,NA,NA,NA,NA,NA,NA,NA,NA,1.5,NA,NA,NA,0.5,NA,NA,NA,NA,NA,NA,NA,NA,NA,NA,NA,NA,NA,NA,NA,NA,0.176091259055681,NA,NA,NA
"158","S_065","a62ClPFESA, species 4",NA,NA,NA,NA,12,NA,NA,NA,NA,NA,NA,NA,NA,NA,NA,NA,NA,1.4,NA,NA,NA,2,NA,NA,NA,NA,NA,NA,NA,NA,NA,NA,NA,NA,NA,NA,NA,NA,0.146128035678238,NA,NA,NA
"159","S_065","a62ClPFESA, species 5",NA,NA,NA,NA,10,NA,NA,NA,NA,NA,NA,NA,NA,NA,NA,NA,NA,1.8,NA,NA,NA,1.1,NA,NA,NA,NA,NA,NA,NA,NA,NA,NA,NA,NA,NA,NA,NA,NA,0.255272505103306,NA,NA,NA
"160","S_065","a62ClPFESA, species 6",NA,NA,NA,NA,10,NA,NA,NA,NA,NA,NA,NA,NA,NA,NA,NA,NA,0.71,NA,NA,NA,1.9,NA,NA,NA,NA,NA,NA,NA,NA,NA,NA,NA,NA,NA,NA,NA,NA,-0.148741651280925,NA,NA,NA
"161","S_065","a62ClPFESA, species 7",NA,NA,NA,NA,9.6,NA,NA,NA,NA,NA,NA,NA,NA,NA,NA,NA,NA,0.65,NA,NA,NA,1.3,NA,NA,NA,NA,NA,NA,NA,NA,NA,NA,NA,NA,NA,NA,NA,NA,-0.187086643357144,NA,NA,NA
"162","S_065","a62ClPFESA, species 8",NA,NA,NA,NA,8.8,NA,NA,NA,NA,NA,NA,NA,NA,NA,NA,NA,NA,0.48,NA,NA,NA,0.88,NA,NA,NA,NA,NA,NA,NA,NA,NA,NA,NA,NA,NA,NA,NA,NA,-0.318758762624413,NA,NA,NA
"163","S_065","a62ClPFESA, species 9",NA,NA,NA,NA,9.3,NA,NA,NA,NA,NA,NA,NA,NA,NA,NA,NA,NA,0.12,NA,NA,NA,1.4,NA,NA,NA,NA,NA,NA,NA,NA,NA,NA,NA,NA,NA,NA,NA,NA,-0.920818753952375,NA,NA,NA
"164","S_065","a62ClPFESA, species 10",NA,NA,NA,NA,7.5,NA,NA,NA,NA,NA,NA,NA,NA,NA,NA,NA,NA,0.62,NA,NA,NA,0.11,NA,NA,NA,NA,NA,NA,NA,NA,NA,NA,NA,NA,NA,NA,NA,NA,-0.207608310501746,NA,NA,NA
"165","S_065","a82ClPFESA, species 1",NA,NA,NA,NA,5.4,NA,NA,NA,NA,NA,NA,NA,NA,NA,NA,NA,NA,NA,1.6,NA,NA,0.17,NA,NA,NA,NA,NA,NA,NA,NA,NA,NA,NA,NA,NA,NA,NA,NA,NA,0.204119982655925,NA,NA
"166","S_065","a82ClPFESA, species 2",NA,NA,NA,NA,7,NA,NA,NA,NA,NA,NA,NA,NA,NA,NA,NA,NA,NA,0.067,NA,NA,0.73,NA,NA,NA,NA,NA,NA,NA,NA,NA,NA,NA,NA,NA,NA,NA,NA,NA,-1.17392519729917,NA,NA
"167","S_065","a82ClPFESA, species 3",NA,NA,NA,NA,8.9,NA,NA,NA,NA,NA,NA,NA,NA,NA,NA,NA,NA,NA,0.21,NA,NA,0.5,NA,NA,NA,NA,NA,NA,NA,NA,NA,NA,NA,NA,NA,NA,NA,NA,NA,-0.677780705266081,NA,NA
"168","S_065","a82ClPFESA, species 4",NA,NA,NA,NA,12,NA,NA,NA,NA,NA,NA,NA,NA,NA,NA,NA,NA,NA,0.25,NA,NA,2,NA,NA,NA,NA,NA,NA,NA,NA,NA,NA,NA,NA,NA,NA,NA,NA,NA,-0.602059991327962,NA,NA
"169","S_065","a82ClPFESA, species 5",NA,NA,NA,NA,10,NA,NA,NA,NA,NA,NA,NA,NA,NA,NA,NA,NA,NA,0.28,NA,NA,1.1,NA,NA,NA,NA,NA,NA,NA,NA,NA,NA,NA,NA,NA,NA,NA,NA,NA,-0.552841968657781,NA,NA
"170","S_065","a82ClPFESA, species 6",NA,NA,NA,NA,10,NA,NA,NA,NA,NA,NA,NA,NA,NA,NA,NA,NA,NA,0.15,NA,NA,1.9,NA,NA,NA,NA,NA,NA,NA,NA,NA,NA,NA,NA,NA,NA,NA,NA,NA,-0.823908740944319,NA,NA
"171","S_065","a82ClPFESA, species 7",NA,NA,NA,NA,9.6,NA,NA,NA,NA,NA,NA,NA,NA,NA,NA,NA,NA,NA,0.11,NA,NA,1.3,NA,NA,NA,NA,NA,NA,NA,NA,NA,NA,NA,NA,NA,NA,NA,NA,NA,-0.958607314841775,NA,NA
"172","S_065","a82ClPFESA, species 8",NA,NA,NA,NA,8.8,NA,NA,NA,NA,NA,NA,NA,NA,NA,NA,NA,NA,NA,0.086,NA,NA,0.88,NA,NA,NA,NA,NA,NA,NA,NA,NA,NA,NA,NA,NA,NA,NA,NA,NA,-1.06550154875643,NA,NA
"173","S_065","a82ClPFESA, species 9",NA,NA,NA,NA,9.3,NA,NA,NA,NA,NA,NA,NA,NA,NA,NA,NA,NA,NA,NA,NA,NA,1.4,NA,NA,NA,NA,NA,NA,NA,NA,NA,NA,NA,NA,NA,NA,NA,NA,NA,NA,NA,NA
"174","S_065","a82ClPFESA, species 10",NA,NA,NA,NA,7.5,NA,NA,NA,NA,NA,NA,NA,NA,NA,NA,NA,NA,NA,0.15,NA,NA,0.11,NA,NA,NA,NA,NA,NA,NA,NA,NA,NA,NA,NA,NA,NA,NA,NA,NA,-0.823908740944319,NA,NA
"175","S_065","FOSA, species 1",NA,NA,NA,NA,5.4,NA,NA,NA,NA,NA,NA,NA,NA,NA,NA,NA,NA,NA,NA,NA,NA,0.17,NA,NA,NA,NA,NA,NA,NA,NA,NA,NA,NA,NA,NA,NA,NA,NA,NA,NA,NA,NA
"176","S_065","FOSA, species 2",NA,NA,NA,NA,7,NA,NA,NA,NA,NA,NA,NA,NA,NA,NA,NA,NA,NA,NA,NA,NA,0.73,NA,NA,NA,NA,NA,NA,NA,NA,NA,NA,NA,NA,NA,NA,NA,NA,NA,NA,NA,NA
"177","S_065","FOSA, species 3",NA,NA,NA,NA,8.9,NA,NA,NA,NA,NA,NA,NA,NA,NA,NA,NA,NA,NA,NA,NA,NA,0.5,NA,NA,NA,NA,NA,NA,NA,NA,NA,NA,NA,NA,NA,NA,NA,NA,NA,NA,NA,NA
"178","S_065","FOSA, species 4",NA,NA,NA,NA,12,NA,NA,NA,NA,NA,NA,NA,NA,NA,NA,NA,NA,NA,NA,0.37,NA,2,NA,NA,NA,NA,NA,NA,NA,NA,NA,NA,NA,NA,NA,NA,NA,NA,NA,NA,NA,-0.431798275933005
"179","S_065","FOSA, species 5",NA,NA,NA,NA,10,NA,NA,NA,NA,NA,NA,NA,NA,NA,NA,NA,NA,NA,NA,0.2,NA,1.1,NA,NA,NA,NA,NA,NA,NA,NA,NA,NA,NA,NA,NA,NA,NA,NA,NA,NA,NA,-0.698970004336019
"180","S_065","FOSA, species 6",NA,NA,NA,NA,10,NA,NA,NA,NA,NA,NA,NA,NA,NA,NA,NA,NA,NA,NA,0.34,NA,1.9,NA,NA,NA,NA,NA,NA,NA,NA,NA,NA,NA,NA,NA,NA,NA,NA,NA,NA,NA,-0.468521082957745
"181","S_065","FOSA, species 7",NA,NA,NA,NA,9.6,NA,NA,NA,NA,NA,NA,NA,NA,NA,NA,NA,NA,NA,NA,0.2,NA,1.3,NA,NA,NA,NA,NA,NA,NA,NA,NA,NA,NA,NA,NA,NA,NA,NA,NA,NA,NA,-0.698970004336019
"182","S_065","FOSA, species 8",NA,NA,NA,NA,8.8,NA,NA,NA,NA,NA,NA,NA,NA,NA,NA,NA,NA,NA,NA,0.19,NA,0.88,NA,NA,NA,NA,NA,NA,NA,NA,NA,NA,NA,NA,NA,NA,NA,NA,NA,NA,NA,-0.721246399047171
"183","S_065","FOSA, species 9",NA,NA,NA,NA,9.3,NA,NA,NA,NA,NA,NA,NA,NA,NA,NA,NA,NA,NA,NA,NA,NA,1.4,NA,NA,NA,NA,NA,NA,NA,NA,NA,NA,NA,NA,NA,NA,NA,NA,NA,NA,NA,NA
"184","S_065","FOSA, species 10",NA,NA,NA,NA,7.5,NA,NA,NA,NA,NA,NA,NA,NA,NA,NA,NA,NA,NA,NA,NA,NA,0.11,NA,NA,NA,NA,NA,NA,NA,NA,NA,NA,NA,NA,NA,NA,NA,NA,NA,NA,NA,NA
"185","S_065","OBS, species 1",NA,NA,NA,NA,5.4,NA,NA,NA,NA,NA,NA,NA,NA,NA,NA,NA,NA,NA,NA,NA,16,0.17,NA,NA,NA,NA,NA,NA,NA,NA,NA,NA,NA,NA,NA,NA,NA,NA,NA,NA,1.20411998265592,NA
"186","S_065","OBS, species 2",NA,NA,NA,NA,7,NA,NA,NA,NA,NA,NA,NA,NA,NA,NA,NA,NA,NA,NA,NA,4.6,0.73,NA,NA,NA,NA,NA,NA,NA,NA,NA,NA,NA,NA,NA,NA,NA,NA,NA,NA,0.662757831681574,NA
"187","S_065","OBS, species 3",NA,NA,NA,NA,8.9,NA,NA,NA,NA,NA,NA,NA,NA,NA,NA,NA,NA,NA,NA,NA,2.9,0.5,NA,NA,NA,NA,NA,NA,NA,NA,NA,NA,NA,NA,NA,NA,NA,NA,NA,NA,0.462397997898956,NA
"188","S_065","OBS, species 4",NA,NA,NA,NA,12,NA,NA,NA,NA,NA,NA,NA,NA,NA,NA,NA,NA,NA,NA,NA,1.4,2,NA,NA,NA,NA,NA,NA,NA,NA,NA,NA,NA,NA,NA,NA,NA,NA,NA,NA,0.146128035678238,NA
"189","S_065","OBS, species 5",NA,NA,NA,NA,10,NA,NA,NA,NA,NA,NA,NA,NA,NA,NA,NA,NA,NA,NA,NA,2,1.1,NA,NA,NA,NA,NA,NA,NA,NA,NA,NA,NA,NA,NA,NA,NA,NA,NA,NA,0.301029995663981,NA
"190","S_065","OBS, species 6",NA,NA,NA,NA,10,NA,NA,NA,NA,NA,NA,NA,NA,NA,NA,NA,NA,NA,NA,NA,1.2,1.9,NA,NA,NA,NA,NA,NA,NA,NA,NA,NA,NA,NA,NA,NA,NA,NA,NA,NA,0.0791812460476248,NA
"191","S_065","OBS, species 7",NA,NA,NA,NA,9.6,NA,NA,NA,NA,NA,NA,NA,NA,NA,NA,NA,NA,NA,NA,NA,2.2,1.3,NA,NA,NA,NA,NA,NA,NA,NA,NA,NA,NA,NA,NA,NA,NA,NA,NA,NA,0.342422680822206,NA
"192","S_065","OBS, species 8",NA,NA,NA,NA,8.8,NA,NA,NA,NA,NA,NA,NA,NA,NA,NA,NA,NA,NA,NA,NA,1.4,0.88,NA,NA,NA,NA,NA,NA,NA,NA,NA,NA,NA,NA,NA,NA,NA,NA,NA,NA,0.146128035678238,NA
"193","S_065","OBS, species 9",NA,NA,NA,NA,9.3,NA,NA,NA,NA,NA,NA,NA,NA,NA,NA,NA,NA,NA,NA,NA,0.75,1.4,NA,NA,NA,NA,NA,NA,NA,NA,NA,NA,NA,NA,NA,NA,NA,NA,NA,NA,-0.1249387366083,NA
"194","S_065","OBS, species 10",NA,NA,NA,NA,7.5,NA,NA,NA,NA,NA,NA,NA,NA,NA,NA,NA,NA,NA,NA,NA,0.32,0.11,NA,NA,NA,NA,NA,NA,NA,NA,NA,NA,NA,NA,NA,NA,NA,NA,NA,NA,-0.494850021680094,NA
